Party ID 1:,Party ID 2:,Party ID:,Total Number Of Works:,Member Name:,Work Title,ASCAP Work ID,Interested Parties,IPI Number,Interested Party Status,Role,Society,Own%,Collect%,Registration Date,Registration Status,Surveyed Work,ISWC Number,Work Licenced By ASCAP,Share Licenced By ASCAP
95689,,95689,71,THE DEVILS DANCING IN YOUR RADIO MUSIC LTD,3,503582234,"HUNT, CHRISTY L",518358244,Identified Authoritative,CA,ASCAP,50.00%,50.00%,1/16/07,Accepted,Y,T9050364084,Y,Y
95689,,95689,71,THE DEVILS DANCING IN YOUR RADIO MUSIC LTD,3,503582234,THE DEVILS DANCING IN YOUR RADIO MUSIC LTD,463577624,Identified Authoritative,E,ASCAP,50.00%,50.00%,1/16/07,Accepted,Y,T9050364084,Y,Y
95689,,95689,71,THE DEVILS DANCING IN YOUR RADIO MUSIC LTD,AMAZING ANIMALS,311431439,"HUNT, CHRISTY L",518358244,Identified Authoritative,CA,ASCAP,50.00%,50.00%,2/9/05,Accepted,Y,T9050328206,Y,Y
95689,,95689,71,THE DEVILS DANCING IN YOUR RADIO MUSIC LTD,AMAZING ANIMALS,311431439,THE DEVILS DANCING IN YOUR RADIO MUSIC LTD,463577624,Identified Authoritative,E,ASCAP,50.00%,50.00%,2/9/05,Accepted,Y,T9050328206,Y,Y
95689,,95689,71,THE DEVILS DANCING IN YOUR RADIO MUSIC LTD,ANCHORS AWAY,920100155,"GEHR, CHARLES MICHAEL",627596117,Identified Authoritative,C,ASCAP,16.67%,16.67%,4/21/23,Accepted,N,,Y,Y
95689,,95689,71,THE DEVILS DANCING IN YOUR RADIO MUSIC LTD,ANCHORS AWAY,920100155,"CUMMINGS, BRIAN A",1192590931,Identified Authoritative,CA,ASCAP,16.66%,16.66%,4/21/23,Accepted,N,,Y,Y
95689,,95689,71,THE DEVILS DANCING IN YOUR RADIO MUSIC LTD,ANCHORS AWAY,920100155,"EMIG, JOSHUA",1192590833,Identified Authoritative,CA,ASCAP,16.67%,16.67%,4/21/23,Accepted,N,,Y,Y
95689,,95689,71,THE DEVILS DANCING IN YOUR RADIO MUSIC LTD,ANCHORS AWAY,920100155,THE DEVILS DANCING IN YOUR RADIO MUSIC LTD,463577624,Identified Authoritative,E,ASCAP,50.00%,50.00%,4/21/23,Accepted,N,,Y,Y
95689,,95689,71,THE DEVILS DANCING IN YOUR RADIO MUSIC LTD,ANGELIC SMILE,920118404,"GEHR, CHARLES MICHAEL",627596117,Identified Authoritative,C,ASCAP,12.50%,12.50%,4/23/23,Accepted,N,,Y,Y
95689,,95689,71,THE DEVILS DANCING IN YOUR RADIO MUSIC LTD,ANGELIC SMILE,920118404,"LIPPINCOTT, ERIC",,UnIdentified Non-Authoritative,C,,12.50%,12.50%,4/23/23,Accepted,N,,Y,Y
95689,,95689,71,THE DEVILS DANCING IN YOUR RADIO MUSIC LTD,ANGELIC SMILE,920118404,"SCHMIDT, MICHAEL",x,UnIdentified Non-Authoritative,C,,12.50%,12.50%,4/23/23,Accepted,N,,Y,Y
95689,,95689,71,THE DEVILS DANCING IN YOUR RADIO MUSIC LTD,ANGELIC SMILE,920118404,"LIPPINCOTT, BRYON RICHARD",495748691,Identified Authoritative,CA,ASCAP,12.50%,12.50%,4/23/23,Accepted,N,,Y,Y
95689,,95689,71,THE DEVILS DANCING IN YOUR RADIO MUSIC LTD,ANGELIC SMILE,920118404,THE DEVILS DANCING IN YOUR RADIO MUSIC LTD,463577624,Identified Authoritative,E,ASCAP,50.00%,50.00%,4/23/23,Accepted,N,,Y,Y
95689,,95689,71,THE DEVILS DANCING IN YOUR RADIO MUSIC LTD,BAD ASS,920083550,"GEHR, CHARLES MICHAEL",627596117,Identified Authoritative,C,ASCAP,12.50%,12.50%,4/18/23,Accepted,N,T3174552962,Y,Y
95689,,95689,71,THE DEVILS DANCING IN YOUR RADIO MUSIC LTD,BAD ASS,920083550,"LYNCH, ANGIE",1192536545,Identified Authoritative,C,ASCAP,12.50%,12.50%,4/18/23,Accepted,N,T3174552962,Y,Y
95689,,95689,71,THE DEVILS DANCING IN YOUR RADIO MUSIC LTD,BAD ASS,920083550,"WONG, MONET RACHEL",1157464444,Identified Authoritative,C,BMI,12.50%,12.50%,4/18/23,Accepted,N,T3174552962,Y,N
95689,,95689,71,THE DEVILS DANCING IN YOUR RADIO MUSIC LTD,BAD ASS,920083550,"MCKINNEY, VANESSA",1028329277,Identified Authoritative,CA,SOCAN,12.50%,12.50%,4/18/23,Accepted,N,T3174552962,Y,Y
95689,,95689,71,THE DEVILS DANCING IN YOUR RADIO MUSIC LTD,BAD ASS,920083550,PUBLISHER UNKNOWN,x,UnIdentified Non-Authoritative,E,,12.50%,12.50%,4/18/23,Accepted,N,T3174552962,Y,N
95689,,95689,71,THE DEVILS DANCING IN YOUR RADIO MUSIC LTD,BAD ASS,920083550,THE DEVILS DANCING IN YOUR RADIO MUSIC LTD,463577624,Identified Authoritative,E,ASCAP,37.50%,37.50%,4/18/23,Accepted,N,T3174552962,Y,Y
95689,,95689,71,THE DEVILS DANCING IN YOUR RADIO MUSIC LTD,BLACK DOOR,882174821,"GEHR, CHARLES MICHAEL",627596117,Identified Authoritative,CA,ASCAP,16.66%,16.66%,11/2/10,Accepted,Y,T9055074163,Y,Y
95689,,95689,71,THE DEVILS DANCING IN YOUR RADIO MUSIC LTD,BLACK DOOR,882174821,"GOKCEN, ARZU JEANETTE",292563053,Identified Non-Authoritative,CA,,0.00%,0.00%,11/2/10,Accepted,Y,T9055074163,Y,N
95689,,95689,71,THE DEVILS DANCING IN YOUR RADIO MUSIC LTD,BLACK DOOR,882174821,"HUNT, CHRISTY L",518358244,Identified Authoritative,CA,ASCAP,16.67%,16.67%,11/2/10,Accepted,Y,T9055074163,Y,Y
95689,,95689,71,THE DEVILS DANCING IN YOUR RADIO MUSIC LTD,BLACK DOOR,882174821,WAIT,450683750,Identified Authoritative,CA,ASCAP,16.67%,16.67%,11/2/10,Accepted,Y,T9055074163,Y,Y
95689,,95689,71,THE DEVILS DANCING IN YOUR RADIO MUSIC LTD,BLACK DOOR,882174821,THE DEVILS DANCING IN YOUR RADIO MUSIC LTD,463577624,Identified Authoritative,E,ASCAP,50.00%,50.00%,11/2/10,Accepted,Y,T9055074163,Y,Y
95689,,95689,71,THE DEVILS DANCING IN YOUR RADIO MUSIC LTD,BOOBY PRIZE,883187934,"GEHR, CHARLES MICHAEL",627596117,Identified Authoritative,CA,ASCAP,16.50%,16.50%,7/1/11,Accepted,Y,T9063783993,Y,Y
95689,,95689,71,THE DEVILS DANCING IN YOUR RADIO MUSIC LTD,BOOBY PRIZE,883187934,"GOKCEN, ARZU JEANETTE",292563053,Identified Non-Authoritative,CA,,0.00%,0.00%,7/1/11,Accepted,Y,T9063783993,Y,N
95689,,95689,71,THE DEVILS DANCING IN YOUR RADIO MUSIC LTD,BOOBY PRIZE,883187934,"HUNT, CHRISTY L",518358244,Identified Authoritative,CA,ASCAP,17.00%,17.00%,7/1/11,Accepted,Y,T9063783993,Y,Y
95689,,95689,71,THE DEVILS DANCING IN YOUR RADIO MUSIC LTD,BOOBY PRIZE,883187934,WAIT,450683750,Identified Authoritative,CA,ASCAP,16.50%,16.50%,7/1/11,Accepted,Y,T9063783993,Y,Y
95689,,95689,71,THE DEVILS DANCING IN YOUR RADIO MUSIC LTD,BOOBY PRIZE,883187934,THE DEVILS DANCING IN YOUR RADIO MUSIC LTD,463577624,Identified Authoritative,E,ASCAP,50.00%,50.00%,7/1/11,Accepted,Y,T9063783993,Y,Y
95689,,95689,71,THE DEVILS DANCING IN YOUR RADIO MUSIC LTD,COMET,920100486,"GEHR, CHARLES MICHAEL",627596117,Identified Authoritative,C,ASCAP,16.67%,16.67%,4/21/23,Accepted,N,,Y,Y
95689,,95689,71,THE DEVILS DANCING IN YOUR RADIO MUSIC LTD,COMET,920100486,"CUMMINGS, BRIAN",x,UnIdentified Non-Authoritative,CA,,16.67%,16.67%,4/21/23,Accepted,N,,Y,Y
95689,,95689,71,THE DEVILS DANCING IN YOUR RADIO MUSIC LTD,COMET,920100486,"EMIG, JOSHUA",x,UnIdentified Non-Authoritative,CA,,16.67%,16.67%,4/21/23,Accepted,N,,Y,Y
95689,,95689,71,THE DEVILS DANCING IN YOUR RADIO MUSIC LTD,COMET,920100486,THE DEVILS DANCING IN YOUR RADIO MUSIC LTD,463577624,Identified Authoritative,E,ASCAP,50.00%,50.00%,4/21/23,Accepted,N,,Y,Y
95689,,95689,71,THE DEVILS DANCING IN YOUR RADIO MUSIC LTD,COMET,920184041,"GEHR, CHARLES MICHAEL",627596117,Identified Authoritative,C,ASCAP,16.67%,16.67%,4/29/23,Revision Matches,N,,Y,Y
95689,,95689,71,THE DEVILS DANCING IN YOUR RADIO MUSIC LTD,COMET,920184041,"CUMMINGS, BRIAN A",1192590931,Identified Non-Authoritative,CA,ASCAP,16.66%,16.66%,4/29/23,Revision Matches,N,,Y,Y
95689,,95689,71,THE DEVILS DANCING IN YOUR RADIO MUSIC LTD,COMET,920184041,"EMIG, JOSHUA",1192590833,Identified Non-Authoritative,CA,ASCAP,16.67%,16.67%,4/29/23,Revision Matches,N,,Y,Y
95689,,95689,71,THE DEVILS DANCING IN YOUR RADIO MUSIC LTD,COMET,920184041,THE DEVILS DANCING IN YOUR RADIO MUSIC LTD,463577624,Identified Authoritative,E,ASCAP,50.00%,50.00%,4/29/23,Revision Matches,N,,Y,Y
95689,,95689,71,THE DEVILS DANCING IN YOUR RADIO MUSIC LTD,COOKIE,332587910,"HUNT, CHRISTY L",518358244,Identified Authoritative,CA,ASCAP,50.00%,50.00%,1/16/07,Accepted,Y,T9050318735,Y,Y
95689,,95689,71,THE DEVILS DANCING IN YOUR RADIO MUSIC LTD,COOKIE,332587910,THE DEVILS DANCING IN YOUR RADIO MUSIC LTD,463577624,Identified Authoritative,E,ASCAP,50.00%,50.00%,1/16/07,Accepted,Y,T9050318735,Y,Y
95689,,95689,71,THE DEVILS DANCING IN YOUR RADIO MUSIC LTD,COQUITO,332587894,"HUNT, CHRISTY L",518358244,Identified Authoritative,CA,ASCAP,50.00%,50.00%,1/16/07,Accepted,Y,T9050344279,Y,Y
95689,,95689,71,THE DEVILS DANCING IN YOUR RADIO MUSIC LTD,COQUITO,332587894,THE DEVILS DANCING IN YOUR RADIO MUSIC LTD,463577624,Identified Authoritative,E,ASCAP,50.00%,50.00%,1/16/07,Accepted,Y,T9050344279,Y,Y
95689,,95689,71,THE DEVILS DANCING IN YOUR RADIO MUSIC LTD,DELICATE MATTERS,920119769,"GEHR, CHARLES MICHAEL",627596117,Identified Authoritative,C,ASCAP,12.50%,12.50%,4/23/23,Accepted,N,,Y,Y
95689,,95689,71,THE DEVILS DANCING IN YOUR RADIO MUSIC LTD,DELICATE MATTERS,920119769,"SCHMIDT, MICHAEL",x,UnIdentified Non-Authoritative,C,,12.50%,12.50%,4/23/23,Accepted,N,,Y,Y
95689,,95689,71,THE DEVILS DANCING IN YOUR RADIO MUSIC LTD,DELICATE MATTERS,920119769,"LIPPINCOTT, BRYON RICHARD",495748691,Identified Authoritative,CA,ASCAP,12.50%,12.50%,4/23/23,Accepted,N,,Y,Y
95689,,95689,71,THE DEVILS DANCING IN YOUR RADIO MUSIC LTD,DELICATE MATTERS,920119769,"LIPPINCOTT, ERIC",,UnIdentified Non-Authoritative,CA,,12.50%,12.50%,4/23/23,Accepted,N,,Y,Y
95689,,95689,71,THE DEVILS DANCING IN YOUR RADIO MUSIC LTD,DELICATE MATTERS,920119769,THE DEVILS DANCING IN YOUR RADIO MUSIC LTD,463577624,Identified Authoritative,E,ASCAP,50.00%,50.00%,4/23/23,Accepted,N,,Y,Y
95689,,95689,71,THE DEVILS DANCING IN YOUR RADIO MUSIC LTD,DOG,920100379,"GEHR, CHARLES MICHAEL",627596117,Identified Authoritative,C,ASCAP,16.67%,16.67%,4/21/23,Accepted,N,,Y,Y
95689,,95689,71,THE DEVILS DANCING IN YOUR RADIO MUSIC LTD,DOG,920100379,"CUMMINGS, BRIAN",x,UnIdentified Non-Authoritative,CA,,16.67%,16.67%,4/21/23,Accepted,N,,Y,Y
95689,,95689,71,THE DEVILS DANCING IN YOUR RADIO MUSIC LTD,DOG,920100379,"EMIG, JOSHUA",x,UnIdentified Non-Authoritative,CA,,16.67%,16.67%,4/21/23,Accepted,N,,Y,Y
95689,,95689,71,THE DEVILS DANCING IN YOUR RADIO MUSIC LTD,DOG,920100379,THE DEVILS DANCING IN YOUR RADIO MUSIC LTD,463577624,Identified Authoritative,E,ASCAP,50.00%,50.00%,4/21/23,Accepted,N,,Y,Y
95689,,95689,71,THE DEVILS DANCING IN YOUR RADIO MUSIC LTD,DOG,920184046,"GEHR, CHARLES MICHAEL",627596117,Identified Authoritative,C,ASCAP,16.67%,16.67%,4/29/23,Revision Matches,N,,Y,Y
95689,,95689,71,THE DEVILS DANCING IN YOUR RADIO MUSIC LTD,DOG,920184046,"CUMMINGS, BRIAN A",1192590931,Identified Non-Authoritative,CA,ASCAP,16.66%,16.66%,4/29/23,Revision Matches,N,,Y,Y
95689,,95689,71,THE DEVILS DANCING IN YOUR RADIO MUSIC LTD,DOG,920184046,"EMIG, JOSHUA",1192590833,Identified Non-Authoritative,CA,ASCAP,16.67%,16.67%,4/29/23,Revision Matches,N,,Y,Y
95689,,95689,71,THE DEVILS DANCING IN YOUR RADIO MUSIC LTD,DOG,920184046,THE DEVILS DANCING IN YOUR RADIO MUSIC LTD,463577624,Identified Authoritative,E,ASCAP,50.00%,50.00%,4/29/23,Revision Matches,N,,Y,Y
95689,,95689,71,THE DEVILS DANCING IN YOUR RADIO MUSIC LTD,DRACULA BOWL,920000646,"GEHR, CHARLES MICHAEL",627596117,Identified Authoritative,CA,ASCAP,50.00%,50.00%,4/9/23,Possible Match,N,,Y,Y
95689,,95689,71,THE DEVILS DANCING IN YOUR RADIO MUSIC LTD,DRACULA BOWL,920000646,THE DEVILS DANCING IN YOUR RADIO MUSIC LTD,463577624,Identified Authoritative,E,ASCAP,50.00%,50.00%,4/9/23,Possible Match,N,,Y,Y
95689,,95689,71,THE DEVILS DANCING IN YOUR RADIO MUSIC LTD,EARTHQUAKE ON THE LOOSE,882174789,"GEHR, CHARLES MICHAEL",627596117,Identified Authoritative,CA,ASCAP,16.66%,16.66%,11/2/10,Accepted,Y,T9055048481,Y,Y
95689,,95689,71,THE DEVILS DANCING IN YOUR RADIO MUSIC LTD,EARTHQUAKE ON THE LOOSE,882174789,"GOKCEN, ARZU JEANETTE",292563053,Identified Non-Authoritative,CA,,0.00%,0.00%,11/2/10,Accepted,Y,T9055048481,Y,N
95689,,95689,71,THE DEVILS DANCING IN YOUR RADIO MUSIC LTD,EARTHQUAKE ON THE LOOSE,882174789,"HUNT, CHRISTY L",518358244,Identified Authoritative,CA,ASCAP,16.67%,16.67%,11/2/10,Accepted,Y,T9055048481,Y,Y
95689,,95689,71,THE DEVILS DANCING IN YOUR RADIO MUSIC LTD,EARTHQUAKE ON THE LOOSE,882174789,WAIT,450683750,Identified Authoritative,CA,ASCAP,16.67%,16.67%,11/2/10,Accepted,Y,T9055048481,Y,Y
95689,,95689,71,THE DEVILS DANCING IN YOUR RADIO MUSIC LTD,EARTHQUAKE ON THE LOOSE,882174789,THE DEVILS DANCING IN YOUR RADIO MUSIC LTD,463577624,Identified Authoritative,E,ASCAP,50.00%,50.00%,11/2/10,Accepted,Y,T9055048481,Y,Y
95689,,95689,71,THE DEVILS DANCING IN YOUR RADIO MUSIC LTD,END OF THE WORLD DELIGHT,883187791,"GEHR, CHARLES MICHAEL",627596117,Identified Authoritative,CA,ASCAP,16.50%,16.50%,7/1/11,Accepted,Y,T9063804795,Y,Y
95689,,95689,71,THE DEVILS DANCING IN YOUR RADIO MUSIC LTD,END OF THE WORLD DELIGHT,883187791,"GOKCEN, ARZU JEANETTE",292563053,Identified Non-Authoritative,CA,,0.00%,0.00%,7/1/11,Accepted,Y,T9063804795,Y,N
95689,,95689,71,THE DEVILS DANCING IN YOUR RADIO MUSIC LTD,END OF THE WORLD DELIGHT,883187791,"HUNT, CHRISTY L",518358244,Identified Authoritative,CA,ASCAP,17.00%,17.00%,7/1/11,Accepted,Y,T9063804795,Y,Y
95689,,95689,71,THE DEVILS DANCING IN YOUR RADIO MUSIC LTD,END OF THE WORLD DELIGHT,883187791,WAIT,450683750,Identified Authoritative,CA,ASCAP,16.50%,16.50%,7/1/11,Accepted,Y,T9063804795,Y,Y
95689,,95689,71,THE DEVILS DANCING IN YOUR RADIO MUSIC LTD,END OF THE WORLD DELIGHT,883187791,THE DEVILS DANCING IN YOUR RADIO MUSIC LTD,463577624,Identified Authoritative,E,ASCAP,50.00%,50.00%,7/1/11,Accepted,Y,T9063804795,Y,Y
95689,,95689,71,THE DEVILS DANCING IN YOUR RADIO MUSIC LTD,EYE OF THE STORM,350774657,"HUNT, CHRISTY L",518358244,Identified Authoritative,CA,ASCAP,50.00%,50.00%,2/9/05,Accepted,Y,T9050271346,Y,Y
95689,,95689,71,THE DEVILS DANCING IN YOUR RADIO MUSIC LTD,EYE OF THE STORM,350774657,THE DEVILS DANCING IN YOUR RADIO MUSIC LTD,463577624,Identified Authoritative,E,ASCAP,50.00%,50.00%,2/9/05,Accepted,Y,T9050271346,Y,Y
95689,,95689,71,THE DEVILS DANCING IN YOUR RADIO MUSIC LTD,FAIR WEATHER,361685714,"HUNT, CHRISTY L",518358244,Identified Authoritative,CA,ASCAP,50.00%,50.00%,1/16/07,Accepted,Y,T9050365678,Y,Y
95689,,95689,71,THE DEVILS DANCING IN YOUR RADIO MUSIC LTD,FAIR WEATHER,361685714,THE DEVILS DANCING IN YOUR RADIO MUSIC LTD,463577624,Identified Authoritative,E,ASCAP,50.00%,50.00%,1/16/07,Accepted,Y,T9050365678,Y,Y
95689,,95689,71,THE DEVILS DANCING IN YOUR RADIO MUSIC LTD,GAS STATION WHORE,371381498,"HUNT, CHRISTY L",518358244,Identified Authoritative,CA,ASCAP,50.00%,50.00%,1/16/07,Accepted,Y,T9050410281,Y,Y
95689,,95689,71,THE DEVILS DANCING IN YOUR RADIO MUSIC LTD,GAS STATION WHORE,371381498,THE DEVILS DANCING IN YOUR RADIO MUSIC LTD,463577624,Identified Authoritative,E,ASCAP,50.00%,50.00%,1/16/07,Accepted,Y,T9050410281,Y,Y
95689,,95689,71,THE DEVILS DANCING IN YOUR RADIO MUSIC LTD,GHOST BIKE,883188367,"GEHR, CHARLES MICHAEL",627596117,Identified Authoritative,CA,ASCAP,16.50%,16.50%,7/1/11,Accepted,Y,T9063804284,Y,Y
95689,,95689,71,THE DEVILS DANCING IN YOUR RADIO MUSIC LTD,GHOST BIKE,883188367,"GOKCEN, ARZU JEANETTE",292563053,Identified Non-Authoritative,CA,,0.00%,0.00%,7/1/11,Accepted,Y,T9063804284,Y,N
95689,,95689,71,THE DEVILS DANCING IN YOUR RADIO MUSIC LTD,GHOST BIKE,883188367,"HUNT, CHRISTY L",518358244,Identified Authoritative,CA,ASCAP,17.00%,17.00%,7/1/11,Accepted,Y,T9063804284,Y,Y
95689,,95689,71,THE DEVILS DANCING IN YOUR RADIO MUSIC LTD,GHOST BIKE,883188367,WAIT,450683750,Identified Authoritative,CA,ASCAP,16.50%,16.50%,7/1/11,Accepted,Y,T9063804284,Y,Y
95689,,95689,71,THE DEVILS DANCING IN YOUR RADIO MUSIC LTD,GHOST BIKE,883188367,THE DEVILS DANCING IN YOUR RADIO MUSIC LTD,463577624,Identified Authoritative,E,ASCAP,50.00%,50.00%,7/1/11,Accepted,Y,T9063804284,Y,Y
95689,,95689,71,THE DEVILS DANCING IN YOUR RADIO MUSIC LTD,GINGER WOLF,883187790,"GEHR, CHARLES MICHAEL",627596117,Identified Authoritative,CA,ASCAP,16.50%,16.50%,7/1/11,Accepted,Y,T9063805458,Y,Y
95689,,95689,71,THE DEVILS DANCING IN YOUR RADIO MUSIC LTD,GINGER WOLF,883187790,"GOKCEN, ARZU JEANETTE",292563053,Identified Non-Authoritative,CA,,0.00%,0.00%,7/1/11,Accepted,Y,T9063805458,Y,N
95689,,95689,71,THE DEVILS DANCING IN YOUR RADIO MUSIC LTD,GINGER WOLF,883187790,"HUNT, CHRISTY L",518358244,Identified Authoritative,CA,ASCAP,17.00%,17.00%,7/1/11,Accepted,Y,T9063805458,Y,Y
95689,,95689,71,THE DEVILS DANCING IN YOUR RADIO MUSIC LTD,GINGER WOLF,883187790,WAIT,450683750,Identified Authoritative,CA,ASCAP,16.50%,16.50%,7/1/11,Accepted,Y,T9063805458,Y,Y
95689,,95689,71,THE DEVILS DANCING IN YOUR RADIO MUSIC LTD,GINGER WOLF,883187790,THE DEVILS DANCING IN YOUR RADIO MUSIC LTD,463577624,Identified Authoritative,E,ASCAP,50.00%,50.00%,7/1/11,Accepted,Y,T9063805458,Y,Y
95689,,95689,71,THE DEVILS DANCING IN YOUR RADIO MUSIC LTD,GOD BLESS (HOLY TITS),920000655,"GEHR, CHARLES MICHAEL",627596117,Identified Authoritative,CA,ASCAP,50.00%,50.00%,4/9/23,Accepted,N,T3166687265,Y,Y
95689,,95689,71,THE DEVILS DANCING IN YOUR RADIO MUSIC LTD,GOD BLESS (HOLY TITS),920000655,THE DEVILS DANCING IN YOUR RADIO MUSIC LTD,463577624,Identified Authoritative,E,ASCAP,50.00%,50.00%,4/9/23,Accepted,N,T3166687265,Y,Y
95689,,95689,71,THE DEVILS DANCING IN YOUR RADIO MUSIC LTD,GOD BLESS (HOLY TITS),920035115,"GEHR, CHARLES MICHAEL",627596117,Identified Authoritative,C,ASCAP,12.50%,12.50%,4/13/23,Revision Matches,N,,Y,Y
95689,,95689,71,THE DEVILS DANCING IN YOUR RADIO MUSIC LTD,GOD BLESS (HOLY TITS),920035115,"LYNCH, ANGIE",x,UnIdentified Non-Authoritative,C,,12.50%,12.50%,4/13/23,Revision Matches,N,,Y,Y
95689,,95689,71,THE DEVILS DANCING IN YOUR RADIO MUSIC LTD,GOD BLESS (HOLY TITS),920035115,"WONG, MONET RACHEL",1157464444,Identified Authoritative,C,BMI,12.50%,12.50%,4/13/23,Revision Matches,N,,Y,N
95689,,95689,71,THE DEVILS DANCING IN YOUR RADIO MUSIC LTD,GOD BLESS (HOLY TITS),920035115,"MCKINNEY, VANESSA",1028329277,Identified Authoritative,CA,SOCAN,12.50%,12.50%,4/13/23,Revision Matches,N,,Y,Y
95689,,95689,71,THE DEVILS DANCING IN YOUR RADIO MUSIC LTD,GOD BLESS (HOLY TITS),920035115,PUBLISHER UNKNOWN,,UnIdentified Non-Authoritative,E,,12.50%,12.50%,4/13/23,Revision Matches,N,,Y,N
95689,,95689,71,THE DEVILS DANCING IN YOUR RADIO MUSIC LTD,GOD BLESS (HOLY TITS),920035115,PUBLISHER UNKNOWN,,UnIdentified Non-Authoritative,E,,12.50%,12.50%,4/13/23,Revision Matches,N,,Y,N
95689,,95689,71,THE DEVILS DANCING IN YOUR RADIO MUSIC LTD,GOD BLESS (HOLY TITS),920035115,THE DEVILS DANCING IN YOUR RADIO MUSIC LTD,463577624,Identified Authoritative,E,ASCAP,25.00%,25.00%,4/13/23,Revision Matches,N,,Y,Y
95689,,95689,71,THE DEVILS DANCING IN YOUR RADIO MUSIC LTD,GOD BLESS (HOLY TITS),920100702,"LYNCH, ANGIE",1192536545,Identified Authoritative,C,ASCAP,12.50%,12.50%,4/21/23,Revision Matches,N,,Y,Y
95689,,95689,71,THE DEVILS DANCING IN YOUR RADIO MUSIC LTD,GOD BLESS (HOLY TITS),920100702,"WONG, MONET RACHEL",1157464444,Identified Authoritative,C,BMI,12.50%,12.50%,4/21/23,Revision Matches,N,,Y,N
95689,,95689,71,THE DEVILS DANCING IN YOUR RADIO MUSIC LTD,GOD BLESS (HOLY TITS),920100702,"GEHR, CHARLES MICHAEL",627596117,Identified Authoritative,CA,ASCAP,12.50%,12.50%,4/21/23,Revision Matches,N,,Y,Y
95689,,95689,71,THE DEVILS DANCING IN YOUR RADIO MUSIC LTD,GOD BLESS (HOLY TITS),920100702,"MCKINNEY, VANESSA",1028329277,Identified Authoritative,CA,SOCAN,12.50%,12.50%,4/21/23,Revision Matches,N,,Y,Y
95689,,95689,71,THE DEVILS DANCING IN YOUR RADIO MUSIC LTD,GOD BLESS (HOLY TITS),920100702,PUBLISHER UNKNOWN,,UnIdentified Non-Authoritative,E,,12.50%,12.50%,4/21/23,Revision Matches,N,,Y,N
95689,,95689,71,THE DEVILS DANCING IN YOUR RADIO MUSIC LTD,GOD BLESS (HOLY TITS),920100702,THE DEVILS DANCING IN YOUR RADIO MUSIC LTD,463577624,Identified Authoritative,E,ASCAP,37.50%,37.50%,4/21/23,Revision Matches,N,,Y,Y
95689,,95689,71,THE DEVILS DANCING IN YOUR RADIO MUSIC LTD,GOLD STAR,920083560,"GEHR, CHARLES MICHAEL",627596117,Identified Authoritative,C,ASCAP,12.50%,12.50%,4/18/23,Accepted,N,T3174552575,Y,Y
95689,,95689,71,THE DEVILS DANCING IN YOUR RADIO MUSIC LTD,GOLD STAR,920083560,"LYNCH, ANGIE",1192536545,Identified Authoritative,C,ASCAP,12.50%,12.50%,4/18/23,Accepted,N,T3174552575,Y,Y
95689,,95689,71,THE DEVILS DANCING IN YOUR RADIO MUSIC LTD,GOLD STAR,920083560,"WONG, MONET RACHEL",1157464444,Identified Authoritative,C,BMI,12.50%,12.50%,4/18/23,Accepted,N,T3174552575,Y,N
95689,,95689,71,THE DEVILS DANCING IN YOUR RADIO MUSIC LTD,GOLD STAR,920083560,"MCKINNEY, VANESSA",1028329277,Identified Authoritative,CA,SOCAN,12.50%,12.50%,4/18/23,Accepted,N,T3174552575,Y,Y
95689,,95689,71,THE DEVILS DANCING IN YOUR RADIO MUSIC LTD,GOLD STAR,920083560,PUBLISHER UNKNOWN,x,UnIdentified Non-Authoritative,E,,12.50%,12.50%,4/18/23,Accepted,N,T3174552575,Y,N
95689,,95689,71,THE DEVILS DANCING IN YOUR RADIO MUSIC LTD,GOLD STAR,920083560,THE DEVILS DANCING IN YOUR RADIO MUSIC LTD,463577624,Identified Authoritative,E,ASCAP,37.50%,37.50%,4/18/23,Accepted,N,T3174552575,Y,Y
95689,,95689,71,THE DEVILS DANCING IN YOUR RADIO MUSIC LTD,GRACE,370861953,"HUNT, CHRISTY L",518358244,Identified Authoritative,CA,ASCAP,50.00%,50.00%,2/9/05,Accepted,Y,T9050442643,Y,Y
95689,,95689,71,THE DEVILS DANCING IN YOUR RADIO MUSIC LTD,GRACE,370861953,THE DEVILS DANCING IN YOUR RADIO MUSIC LTD,463577624,Identified Authoritative,E,ASCAP,50.00%,50.00%,2/9/05,Accepted,Y,T9050442643,Y,Y
95689,,95689,71,THE DEVILS DANCING IN YOUR RADIO MUSIC LTD,GROOMERS,920083557,"GEHR, CHARLES MICHAEL",627596117,Identified Authoritative,C,ASCAP,12.50%,12.50%,4/18/23,Accepted,N,T3174552677,Y,Y
95689,,95689,71,THE DEVILS DANCING IN YOUR RADIO MUSIC LTD,GROOMERS,920083557,"LYNCH, ANGIE",1192536545,Identified Authoritative,C,ASCAP,12.50%,12.50%,4/18/23,Accepted,N,T3174552677,Y,Y
95689,,95689,71,THE DEVILS DANCING IN YOUR RADIO MUSIC LTD,GROOMERS,920083557,"WONG, MONET RACHEL",1157464444,Identified Authoritative,C,BMI,12.50%,12.50%,4/18/23,Accepted,N,T3174552677,Y,N
95689,,95689,71,THE DEVILS DANCING IN YOUR RADIO MUSIC LTD,GROOMERS,920083557,"MCKINNEY, VANESSA",1028329277,Identified Authoritative,CA,SOCAN,12.50%,12.50%,4/18/23,Accepted,N,T3174552677,Y,Y
95689,,95689,71,THE DEVILS DANCING IN YOUR RADIO MUSIC LTD,GROOMERS,920083557,PUBLISHER UNKNOWN,x,UnIdentified Non-Authoritative,E,,12.50%,12.50%,4/18/23,Accepted,N,T3174552677,Y,N
95689,,95689,71,THE DEVILS DANCING IN YOUR RADIO MUSIC LTD,GROOMERS,920083557,THE DEVILS DANCING IN YOUR RADIO MUSIC LTD,463577624,Identified Authoritative,E,ASCAP,37.50%,37.50%,4/18/23,Accepted,N,T3174552677,Y,Y
95689,,95689,71,THE DEVILS DANCING IN YOUR RADIO MUSIC LTD,HEARING AIDE,920119758,"GEHR, CHARLES MICHAEL",627596117,Identified Authoritative,C,ASCAP,12.50%,12.50%,4/23/23,Accepted,N,,Y,Y
95689,,95689,71,THE DEVILS DANCING IN YOUR RADIO MUSIC LTD,HEARING AIDE,920119758,"SCHMIDT, MICHAEL",x,UnIdentified Non-Authoritative,C,,12.50%,12.50%,4/23/23,Accepted,N,,Y,Y
95689,,95689,71,THE DEVILS DANCING IN YOUR RADIO MUSIC LTD,HEARING AIDE,920119758,"LIPPINCOTT, BRYON RICHARD",495748691,Identified Authoritative,CA,ASCAP,12.50%,12.50%,4/23/23,Accepted,N,,Y,Y
95689,,95689,71,THE DEVILS DANCING IN YOUR RADIO MUSIC LTD,HEARING AIDE,920119758,"LIPPINCOTT, ERIC",,UnIdentified Non-Authoritative,CA,,12.50%,12.50%,4/23/23,Accepted,N,,Y,Y
95689,,95689,71,THE DEVILS DANCING IN YOUR RADIO MUSIC LTD,HEARING AIDE,920119758,THE DEVILS DANCING IN YOUR RADIO MUSIC LTD,463577624,Identified Authoritative,E,ASCAP,50.00%,50.00%,4/23/23,Accepted,N,,Y,Y
95689,,95689,71,THE DEVILS DANCING IN YOUR RADIO MUSIC LTD,HIDDEN BEACH,883188225,"GEHR, CHARLES MICHAEL",627596117,Identified Authoritative,CA,ASCAP,16.50%,16.50%,7/1/11,Accepted,Y,T9063786594,Y,Y
95689,,95689,71,THE DEVILS DANCING IN YOUR RADIO MUSIC LTD,HIDDEN BEACH,883188225,"GOKCEN, ARZU JEANETTE",292563053,Identified Non-Authoritative,CA,,0.00%,0.00%,7/1/11,Accepted,Y,T9063786594,Y,N
95689,,95689,71,THE DEVILS DANCING IN YOUR RADIO MUSIC LTD,HIDDEN BEACH,883188225,"HUNT, CHRISTY L",518358244,Identified Authoritative,CA,ASCAP,17.00%,17.00%,7/1/11,Accepted,Y,T9063786594,Y,Y
95689,,95689,71,THE DEVILS DANCING IN YOUR RADIO MUSIC LTD,HIDDEN BEACH,883188225,WAIT,450683750,Identified Authoritative,CA,ASCAP,16.50%,16.50%,7/1/11,Accepted,Y,T9063786594,Y,Y
95689,,95689,71,THE DEVILS DANCING IN YOUR RADIO MUSIC LTD,HIDDEN BEACH,883188225,THE DEVILS DANCING IN YOUR RADIO MUSIC LTD,463577624,Identified Authoritative,E,ASCAP,50.00%,50.00%,7/1/11,Accepted,Y,T9063786594,Y,Y
95689,,95689,71,THE DEVILS DANCING IN YOUR RADIO MUSIC LTD,HOGWASH,920083538,"GEHR, CHARLES MICHAEL",627596117,Identified Authoritative,C,ASCAP,12.50%,12.50%,4/18/23,Accepted,N,T3174552531,Y,Y
95689,,95689,71,THE DEVILS DANCING IN YOUR RADIO MUSIC LTD,HOGWASH,920083538,"LYNCH, ANGIE",1192536545,Identified Authoritative,C,ASCAP,12.50%,12.50%,4/18/23,Accepted,N,T3174552531,Y,Y
95689,,95689,71,THE DEVILS DANCING IN YOUR RADIO MUSIC LTD,HOGWASH,920083538,"WONG, MONET RACHEL",1157464444,Identified Authoritative,C,BMI,12.50%,12.50%,4/18/23,Accepted,N,T3174552531,Y,N
95689,,95689,71,THE DEVILS DANCING IN YOUR RADIO MUSIC LTD,HOGWASH,920083538,"MCKINNEY, VANESSA",1028329277,Identified Authoritative,CA,SOCAN,12.50%,12.50%,4/18/23,Accepted,N,T3174552531,Y,Y
95689,,95689,71,THE DEVILS DANCING IN YOUR RADIO MUSIC LTD,HOGWASH,920083538,PUBLISHER UNKNOWN,x,UnIdentified Non-Authoritative,E,,12.50%,12.50%,4/18/23,Accepted,N,T3174552531,Y,N
95689,,95689,71,THE DEVILS DANCING IN YOUR RADIO MUSIC LTD,HOGWASH,920083538,THE DEVILS DANCING IN YOUR RADIO MUSIC LTD,463577624,Identified Authoritative,E,ASCAP,37.50%,37.50%,4/18/23,Accepted,N,T3174552531,Y,Y
95689,,95689,71,THE DEVILS DANCING IN YOUR RADIO MUSIC LTD,HOORAY! THE HYDROGEN BOMB,920100295,"GEHR, CHARLES MICHAEL",627596117,Identified Authoritative,C,ASCAP,16.67%,16.67%,4/21/23,Accepted,N,,Y,Y
95689,,95689,71,THE DEVILS DANCING IN YOUR RADIO MUSIC LTD,HOORAY! THE HYDROGEN BOMB,920100295,"CUMMINGS, BRIAN",x,UnIdentified Non-Authoritative,CA,,16.67%,16.67%,4/21/23,Accepted,N,,Y,Y
95689,,95689,71,THE DEVILS DANCING IN YOUR RADIO MUSIC LTD,HOORAY! THE HYDROGEN BOMB,920100295,"EMIG, JOSHUA",x,UnIdentified Non-Authoritative,CA,,16.67%,16.67%,4/21/23,Accepted,N,,Y,Y
95689,,95689,71,THE DEVILS DANCING IN YOUR RADIO MUSIC LTD,HOORAY! THE HYDROGEN BOMB,920100295,THE DEVILS DANCING IN YOUR RADIO MUSIC LTD,463577624,Identified Authoritative,E,ASCAP,50.00%,50.00%,4/21/23,Accepted,N,,Y,Y
95689,,95689,71,THE DEVILS DANCING IN YOUR RADIO MUSIC LTD,HOORAY! THE HYDROGEN BOMB,920184038,"GEHR, CHARLES MICHAEL",627596117,Identified Authoritative,C,ASCAP,16.67%,16.67%,4/29/23,Revision Matches,N,,Y,Y
95689,,95689,71,THE DEVILS DANCING IN YOUR RADIO MUSIC LTD,HOORAY! THE HYDROGEN BOMB,920184038,"CUMMINGS, BRIAN A",1192590931,Identified Non-Authoritative,CA,ASCAP,16.66%,16.66%,4/29/23,Revision Matches,N,,Y,Y
95689,,95689,71,THE DEVILS DANCING IN YOUR RADIO MUSIC LTD,HOORAY! THE HYDROGEN BOMB,920184038,"EMIG, JOSHUA",1192590833,Identified Non-Authoritative,CA,ASCAP,16.67%,16.67%,4/29/23,Revision Matches,N,,Y,Y
95689,,95689,71,THE DEVILS DANCING IN YOUR RADIO MUSIC LTD,HOORAY! THE HYDROGEN BOMB,920184038,THE DEVILS DANCING IN YOUR RADIO MUSIC LTD,463577624,Identified Authoritative,E,ASCAP,50.00%,50.00%,4/29/23,Revision Matches,N,,Y,Y
95689,,95689,71,THE DEVILS DANCING IN YOUR RADIO MUSIC LTD,KING AZUMA,920100436,"GEHR, CHARLES MICHAEL",627596117,Identified Authoritative,C,ASCAP,16.67%,16.67%,4/21/23,Accepted,N,,Y,Y
95689,,95689,71,THE DEVILS DANCING IN YOUR RADIO MUSIC LTD,KING AZUMA,920100436,"CUMMINGS, BRIAN",x,UnIdentified Non-Authoritative,CA,,16.67%,16.67%,4/21/23,Accepted,N,,Y,Y
95689,,95689,71,THE DEVILS DANCING IN YOUR RADIO MUSIC LTD,KING AZUMA,920100436,"EMIG, JOSHUA",x,UnIdentified Non-Authoritative,CA,,16.67%,16.67%,4/21/23,Accepted,N,,Y,Y
95689,,95689,71,THE DEVILS DANCING IN YOUR RADIO MUSIC LTD,KING AZUMA,920100436,THE DEVILS DANCING IN YOUR RADIO MUSIC LTD,463577624,Identified Authoritative,E,ASCAP,50.00%,50.00%,4/21/23,Accepted,N,,Y,Y
95689,,95689,71,THE DEVILS DANCING IN YOUR RADIO MUSIC LTD,KING AZUMA,920184035,"GEHR, CHARLES MICHAEL",627596117,Identified Authoritative,C,ASCAP,16.67%,16.67%,4/29/23,Revision Matches,N,,Y,Y
95689,,95689,71,THE DEVILS DANCING IN YOUR RADIO MUSIC LTD,KING AZUMA,920184035,"CUMMINGS, BRIAN A",1192590931,Identified Authoritative,CA,ASCAP,16.66%,16.66%,4/29/23,Revision Matches,N,,Y,Y
95689,,95689,71,THE DEVILS DANCING IN YOUR RADIO MUSIC LTD,KING AZUMA,920184035,"EMIG, JOSHUA",1192590833,Identified Authoritative,CA,ASCAP,16.67%,16.67%,4/29/23,Revision Matches,N,,Y,Y
95689,,95689,71,THE DEVILS DANCING IN YOUR RADIO MUSIC LTD,KING AZUMA,920184035,THE DEVILS DANCING IN YOUR RADIO MUSIC LTD,463577624,Identified Authoritative,E,ASCAP,50.00%,50.00%,4/29/23,Revision Matches,N,,Y,Y
95689,,95689,71,THE DEVILS DANCING IN YOUR RADIO MUSIC LTD,LANTERN LIGHT,422190454,"HUNT, CHRISTY L",518358244,Identified Authoritative,CA,ASCAP,50.00%,50.00%,1/16/07,Accepted,Y,T9050393390,Y,Y
95689,,95689,71,THE DEVILS DANCING IN YOUR RADIO MUSIC LTD,LANTERN LIGHT,422190454,THE DEVILS DANCING IN YOUR RADIO MUSIC LTD,463577624,Identified Authoritative,E,ASCAP,50.00%,50.00%,1/16/07,Accepted,Y,T9050393390,Y,Y
95689,,95689,71,THE DEVILS DANCING IN YOUR RADIO MUSIC LTD,LAST NIGHT ON EARTH,421395299,"HUNT, CHRISTY L",518358244,Identified Authoritative,CA,ASCAP,50.00%,50.00%,2/9/05,Accepted,Y,T9050339258,Y,Y
95689,,95689,71,THE DEVILS DANCING IN YOUR RADIO MUSIC LTD,LAST NIGHT ON EARTH,421395299,THE DEVILS DANCING IN YOUR RADIO MUSIC LTD,463577624,Identified Authoritative,E,ASCAP,50.00%,50.00%,2/9/05,Accepted,Y,T9050339258,Y,Y
95689,,95689,71,THE DEVILS DANCING IN YOUR RADIO MUSIC LTD,MAD GIRLS LOVE SONG,432446990,"HUNT, CHRISTY L",518358244,Identified Authoritative,CA,ASCAP,50.00%,50.00%,1/16/07,Accepted,Y,T9050321830,Y,Y
95689,,95689,71,THE DEVILS DANCING IN YOUR RADIO MUSIC LTD,MAD GIRLS LOVE SONG,432446990,THE DEVILS DANCING IN YOUR RADIO MUSIC LTD,463577624,Identified Authoritative,E,ASCAP,50.00%,50.00%,1/16/07,Accepted,Y,T9050321830,Y,Y
95689,,95689,71,THE DEVILS DANCING IN YOUR RADIO MUSIC LTD,MS. ALEXANDER,920119239,"GEHR, CHARLES MICHAEL",627596117,Identified Authoritative,C,ASCAP,12.50%,12.50%,4/23/23,Accepted,N,,Y,Y
95689,,95689,71,THE DEVILS DANCING IN YOUR RADIO MUSIC LTD,MS. ALEXANDER,920119239,"SCHMIDT, MICHAEL",x,UnIdentified Non-Authoritative,C,,12.50%,12.50%,4/23/23,Accepted,N,,Y,Y
95689,,95689,71,THE DEVILS DANCING IN YOUR RADIO MUSIC LTD,MS. ALEXANDER,920119239,"LIPPINCOTT, BRYON RICHARD",495748691,Identified Authoritative,CA,ASCAP,12.50%,12.50%,4/23/23,Accepted,N,,Y,Y
95689,,95689,71,THE DEVILS DANCING IN YOUR RADIO MUSIC LTD,MS. ALEXANDER,920119239,"LIPPINCOTT, ERIC",,UnIdentified Non-Authoritative,CA,,12.50%,12.50%,4/23/23,Accepted,N,,Y,Y
95689,,95689,71,THE DEVILS DANCING IN YOUR RADIO MUSIC LTD,MS. ALEXANDER,920119239,THE DEVILS DANCING IN YOUR RADIO MUSIC LTD,463577624,Identified Authoritative,E,ASCAP,50.00%,50.00%,4/23/23,Accepted,N,,Y,Y
95689,,95689,71,THE DEVILS DANCING IN YOUR RADIO MUSIC LTD,NEW TRASH,920000651,"GEHR, CHARLES MICHAEL",627596117,Identified Authoritative,CA,ASCAP,50.00%,50.00%,4/9/23,Possible Match,N,,Y,Y
95689,,95689,71,THE DEVILS DANCING IN YOUR RADIO MUSIC LTD,NEW TRASH,920000651,THE DEVILS DANCING IN YOUR RADIO MUSIC LTD,463577624,Identified Authoritative,E,ASCAP,50.00%,50.00%,4/9/23,Possible Match,N,,Y,Y
95689,,95689,71,THE DEVILS DANCING IN YOUR RADIO MUSIC LTD,OF HUMAN BONDAGE,920100331,"GEHR, CHARLES MICHAEL",627596117,Identified Authoritative,C,ASCAP,16.67%,16.67%,4/21/23,Accepted,N,,Y,Y
95689,,95689,71,THE DEVILS DANCING IN YOUR RADIO MUSIC LTD,OF HUMAN BONDAGE,920100331,"CUMMINGS, BRIAN",x,UnIdentified Non-Authoritative,CA,,16.67%,16.67%,4/21/23,Accepted,N,,Y,Y
95689,,95689,71,THE DEVILS DANCING IN YOUR RADIO MUSIC LTD,OF HUMAN BONDAGE,920100331,"EMIG, JOSHUA",x,UnIdentified Non-Authoritative,CA,,16.67%,16.67%,4/21/23,Accepted,N,,Y,Y
95689,,95689,71,THE DEVILS DANCING IN YOUR RADIO MUSIC LTD,OF HUMAN BONDAGE,920100331,THE DEVILS DANCING IN YOUR RADIO MUSIC LTD,463577624,Identified Authoritative,E,ASCAP,50.00%,50.00%,4/21/23,Accepted,N,,Y,Y
95689,,95689,71,THE DEVILS DANCING IN YOUR RADIO MUSIC LTD,OLD VICTROLA,450751036,"HUNT, CHRISTY L",518358244,Identified Authoritative,CA,ASCAP,50.00%,50.00%,2/9/05,Accepted,Y,T9145645198,Y,Y
95689,,95689,71,THE DEVILS DANCING IN YOUR RADIO MUSIC LTD,OLD VICTROLA,450751036,THE DEVILS DANCING IN YOUR RADIO MUSIC LTD,463577624,Identified Authoritative,E,ASCAP,50.00%,50.00%,2/9/05,Accepted,Y,T9145645198,Y,Y
95689,,95689,71,THE DEVILS DANCING IN YOUR RADIO MUSIC LTD,OTHER SIDE OF THE SKY,450751018,"HUNT, CHRISTY L",518358244,Identified Authoritative,CA,ASCAP,50.00%,50.00%,2/9/05,Accepted,Y,T9050492029,Y,Y
95689,,95689,71,THE DEVILS DANCING IN YOUR RADIO MUSIC LTD,OTHER SIDE OF THE SKY,450751018,THE DEVILS DANCING IN YOUR RADIO MUSIC LTD,463577624,Identified Authoritative,E,ASCAP,50.00%,50.00%,2/9/05,Accepted,Y,T9050492029,Y,Y
95689,,95689,71,THE DEVILS DANCING IN YOUR RADIO MUSIC LTD,OUIJA RADIO ROMPERROOM,451174257,"HUNT, CHRISTY L",518358244,Identified Authoritative,CA,ASCAP,50.00%,50.00%,1/16/07,Accepted,Y,T9050384275,Y,Y
95689,,95689,71,THE DEVILS DANCING IN YOUR RADIO MUSIC LTD,OUIJA RADIO ROMPERROOM,451174257,THE DEVILS DANCING IN YOUR RADIO MUSIC LTD,463577624,Identified Authoritative,E,ASCAP,50.00%,50.00%,1/16/07,Accepted,Y,T9050384275,Y,Y
95689,,95689,71,THE DEVILS DANCING IN YOUR RADIO MUSIC LTD,OUT OF THE FIELD,451174239,"HUNT, CHRISTY L",518358244,Identified Authoritative,CA,ASCAP,50.00%,50.00%,1/16/07,Accepted,Y,T9050497046,Y,Y
95689,,95689,71,THE DEVILS DANCING IN YOUR RADIO MUSIC LTD,OUT OF THE FIELD,451174239,THE DEVILS DANCING IN YOUR RADIO MUSIC LTD,463577624,Identified Authoritative,E,ASCAP,50.00%,50.00%,1/16/07,Accepted,Y,T9050497046,Y,Y
95689,,95689,71,THE DEVILS DANCING IN YOUR RADIO MUSIC LTD,PEELED,461948876,"HUNT, CHRISTY L",518358244,Identified Authoritative,CA,ASCAP,50.00%,50.00%,1/16/07,Accepted,Y,T9050338788,Y,Y
95689,,95689,71,THE DEVILS DANCING IN YOUR RADIO MUSIC LTD,PEELED,461948876,THE DEVILS DANCING IN YOUR RADIO MUSIC LTD,463577624,Identified Authoritative,E,ASCAP,50.00%,50.00%,1/16/07,Accepted,Y,T9050338788,Y,Y
95689,,95689,71,THE DEVILS DANCING IN YOUR RADIO MUSIC LTD,PILE DRIVER,920083545,"GEHR, CHARLES MICHAEL",627596117,Identified Authoritative,C,ASCAP,12.50%,12.50%,4/18/23,Accepted,N,T3174552611,Y,Y
95689,,95689,71,THE DEVILS DANCING IN YOUR RADIO MUSIC LTD,PILE DRIVER,920083545,"LYNCH, ANGIE",1192536545,Identified Authoritative,C,ASCAP,12.50%,12.50%,4/18/23,Accepted,N,T3174552611,Y,Y
95689,,95689,71,THE DEVILS DANCING IN YOUR RADIO MUSIC LTD,PILE DRIVER,920083545,"WONG, MONET RACHEL",1157464444,Identified Authoritative,C,BMI,12.50%,12.50%,4/18/23,Accepted,N,T3174552611,Y,N
95689,,95689,71,THE DEVILS DANCING IN YOUR RADIO MUSIC LTD,PILE DRIVER,920083545,"MCKINNEY, VANESSA",1028329277,Identified Authoritative,CA,SOCAN,12.50%,12.50%,4/18/23,Accepted,N,T3174552611,Y,Y
95689,,95689,71,THE DEVILS DANCING IN YOUR RADIO MUSIC LTD,PILE DRIVER,920083545,PUBLISHER UNKNOWN,x,UnIdentified Non-Authoritative,E,,12.50%,12.50%,4/18/23,Accepted,N,T3174552611,Y,N
95689,,95689,71,THE DEVILS DANCING IN YOUR RADIO MUSIC LTD,PILE DRIVER,920083545,THE DEVILS DANCING IN YOUR RADIO MUSIC LTD,463577624,Identified Authoritative,E,ASCAP,37.50%,37.50%,4/18/23,Accepted,N,T3174552611,Y,Y
95689,,95689,71,THE DEVILS DANCING IN YOUR RADIO MUSIC LTD,PLATO PEOPLE,461948894,"HUNT, CHRISTY L",518358244,Identified Authoritative,CA,ASCAP,50.00%,50.00%,1/16/07,Accepted,Y,T9050365247,Y,Y
95689,,95689,71,THE DEVILS DANCING IN YOUR RADIO MUSIC LTD,PLATO PEOPLE,461948894,THE DEVILS DANCING IN YOUR RADIO MUSIC LTD,463577624,Identified Authoritative,E,ASCAP,50.00%,50.00%,1/16/07,Accepted,Y,T9050365247,Y,Y
95689,,95689,71,THE DEVILS DANCING IN YOUR RADIO MUSIC LTD,POLARIS,920118235,"GEHR, CHARLES MICHAEL",627596117,Identified Authoritative,C,ASCAP,12.50%,12.50%,4/23/23,Accepted,N,,Y,Y
95689,,95689,71,THE DEVILS DANCING IN YOUR RADIO MUSIC LTD,POLARIS,920118235,"LIPPINCOTT, ERIC",,UnIdentified Non-Authoritative,C,,12.50%,12.50%,4/23/23,Accepted,N,,Y,Y
95689,,95689,71,THE DEVILS DANCING IN YOUR RADIO MUSIC LTD,POLARIS,920118235,"SCHMIDT, MICHAEL",x,UnIdentified Non-Authoritative,C,,12.50%,12.50%,4/23/23,Accepted,N,,Y,Y
95689,,95689,71,THE DEVILS DANCING IN YOUR RADIO MUSIC LTD,POLARIS,920118235,"LIPPINCOTT, BRYON RICHARD",495748691,Identified Authoritative,CA,ASCAP,12.50%,12.50%,4/23/23,Accepted,N,,Y,Y
95689,,95689,71,THE DEVILS DANCING IN YOUR RADIO MUSIC LTD,POLARIS,920118235,THE DEVILS DANCING IN YOUR RADIO MUSIC LTD,463577624,Identified Authoritative,E,ASCAP,50.00%,50.00%,4/23/23,Accepted,N,,Y,Y
95689,,95689,71,THE DEVILS DANCING IN YOUR RADIO MUSIC LTD,PUSSY GOT TEETH,920083533,"GEHR, CHARLES MICHAEL",627596117,Identified Authoritative,C,ASCAP,12.50%,12.50%,4/18/23,Accepted,N,T3174552746,Y,Y
95689,,95689,71,THE DEVILS DANCING IN YOUR RADIO MUSIC LTD,PUSSY GOT TEETH,920083533,"LYNCH, ANGIE",1192536545,Identified Authoritative,C,ASCAP,12.50%,12.50%,4/18/23,Accepted,N,T3174552746,Y,Y
95689,,95689,71,THE DEVILS DANCING IN YOUR RADIO MUSIC LTD,PUSSY GOT TEETH,920083533,"WONG, MONET RACHEL",1157464444,Identified Authoritative,C,BMI,12.50%,12.50%,4/18/23,Accepted,N,T3174552746,Y,N
95689,,95689,71,THE DEVILS DANCING IN YOUR RADIO MUSIC LTD,PUSSY GOT TEETH,920083533,"MCKINNEY, VANESSA",1028329277,Identified Authoritative,CA,SOCAN,12.50%,12.50%,4/18/23,Accepted,N,T3174552746,Y,Y
95689,,95689,71,THE DEVILS DANCING IN YOUR RADIO MUSIC LTD,PUSSY GOT TEETH,920083533,PUBLISHER UNKNOWN,x,UnIdentified Non-Authoritative,E,,12.50%,12.50%,4/18/23,Accepted,N,T3174552746,Y,N
95689,,95689,71,THE DEVILS DANCING IN YOUR RADIO MUSIC LTD,PUSSY GOT TEETH,920083533,THE DEVILS DANCING IN YOUR RADIO MUSIC LTD,463577624,Identified Authoritative,E,ASCAP,37.50%,37.50%,4/18/23,Accepted,N,T3174552746,Y,Y
95689,,95689,71,THE DEVILS DANCING IN YOUR RADIO MUSIC LTD,RED EYE FLY,481438513,"HUNT, CHRISTY L",518358244,Identified Authoritative,CA,ASCAP,50.00%,50.00%,1/16/07,Accepted,Y,T9050329312,Y,Y
95689,,95689,71,THE DEVILS DANCING IN YOUR RADIO MUSIC LTD,RED EYE FLY,481438513,THE DEVILS DANCING IN YOUR RADIO MUSIC LTD,463577624,Identified Authoritative,E,ASCAP,50.00%,50.00%,1/16/07,Accepted,Y,T9050329312,Y,Y
95689,,95689,71,THE DEVILS DANCING IN YOUR RADIO MUSIC LTD,RINGWALD,920118407,"GEHR, CHARLES MICHAEL",627596117,Identified Authoritative,C,ASCAP,12.50%,12.50%,4/23/23,Accepted,N,,Y,Y
95689,,95689,71,THE DEVILS DANCING IN YOUR RADIO MUSIC LTD,RINGWALD,920118407,"LIPPINCOTT, ERIC",,UnIdentified Non-Authoritative,C,,12.50%,12.50%,4/23/23,Accepted,N,,Y,Y
95689,,95689,71,THE DEVILS DANCING IN YOUR RADIO MUSIC LTD,RINGWALD,920118407,"SCHMIDT, MICHAEL",x,UnIdentified Non-Authoritative,C,,12.50%,12.50%,4/23/23,Accepted,N,,Y,Y
95689,,95689,71,THE DEVILS DANCING IN YOUR RADIO MUSIC LTD,RINGWALD,920118407,"LIPPINCOTT, BRYON RICHARD",495748691,Identified Authoritative,CA,ASCAP,12.50%,12.50%,4/23/23,Accepted,N,,Y,Y
95689,,95689,71,THE DEVILS DANCING IN YOUR RADIO MUSIC LTD,RINGWALD,920118407,THE DEVILS DANCING IN YOUR RADIO MUSIC LTD,463577624,Identified Authoritative,E,ASCAP,50.00%,50.00%,4/23/23,Accepted,N,,Y,Y
95689,,95689,71,THE DEVILS DANCING IN YOUR RADIO MUSIC LTD,SANITIZED,920119504,"GEHR, CHARLES MICHAEL",627596117,Identified Authoritative,C,ASCAP,12.50%,12.50%,4/23/23,Accepted,N,,Y,Y
95689,,95689,71,THE DEVILS DANCING IN YOUR RADIO MUSIC LTD,SANITIZED,920119504,"SCHMIDT, MICHAEL",x,UnIdentified Non-Authoritative,C,,12.50%,12.50%,4/23/23,Accepted,N,,Y,Y
95689,,95689,71,THE DEVILS DANCING IN YOUR RADIO MUSIC LTD,SANITIZED,920119504,"LIPPINCOTT, BRYON RICHARD",495748691,Identified Authoritative,CA,ASCAP,12.50%,12.50%,4/23/23,Accepted,N,,Y,Y
95689,,95689,71,THE DEVILS DANCING IN YOUR RADIO MUSIC LTD,SANITIZED,920119504,"LIPPINCOTT, ERIC",,UnIdentified Non-Authoritative,CA,,12.50%,12.50%,4/23/23,Accepted,N,,Y,Y
95689,,95689,71,THE DEVILS DANCING IN YOUR RADIO MUSIC LTD,SANITIZED,920119504,THE DEVILS DANCING IN YOUR RADIO MUSIC LTD,463577624,Identified Authoritative,E,ASCAP,50.00%,50.00%,4/23/23,Accepted,N,,Y,Y
95689,,95689,71,THE DEVILS DANCING IN YOUR RADIO MUSIC LTD,SECRET GARDEN,494203331,"HUNT, CHRISTY L",518358244,Identified Authoritative,CA,ASCAP,50.00%,50.00%,1/16/07,Accepted,Y,T9050293486,Y,Y
95689,,95689,71,THE DEVILS DANCING IN YOUR RADIO MUSIC LTD,SECRET GARDEN,494203331,THE DEVILS DANCING IN YOUR RADIO MUSIC LTD,463577624,Identified Authoritative,E,ASCAP,50.00%,50.00%,1/16/07,Accepted,Y,T9050293486,Y,Y
95689,,95689,71,THE DEVILS DANCING IN YOUR RADIO MUSIC LTD,SEEKIN SCOTT SEEKINS,883187935,"GEHR, CHARLES MICHAEL",627596117,Identified Authoritative,CA,ASCAP,16.50%,16.50%,7/1/11,Accepted,Y,T9063794752,Y,Y
95689,,95689,71,THE DEVILS DANCING IN YOUR RADIO MUSIC LTD,SEEKIN SCOTT SEEKINS,883187935,"GOKCEN, ARZU JEANETTE",292563053,Identified Non-Authoritative,CA,,0.00%,0.00%,7/1/11,Accepted,Y,T9063794752,Y,N
95689,,95689,71,THE DEVILS DANCING IN YOUR RADIO MUSIC LTD,SEEKIN SCOTT SEEKINS,883187935,"HUNT, CHRISTY L",518358244,Identified Authoritative,CA,ASCAP,17.00%,17.00%,7/1/11,Accepted,Y,T9063794752,Y,Y
95689,,95689,71,THE DEVILS DANCING IN YOUR RADIO MUSIC LTD,SEEKIN SCOTT SEEKINS,883187935,WAIT,450683750,Identified Authoritative,CA,ASCAP,16.50%,16.50%,7/1/11,Accepted,Y,T9063794752,Y,Y
95689,,95689,71,THE DEVILS DANCING IN YOUR RADIO MUSIC LTD,SEEKIN SCOTT SEEKINS,883187935,THE DEVILS DANCING IN YOUR RADIO MUSIC LTD,463577624,Identified Authoritative,E,ASCAP,50.00%,50.00%,7/1/11,Accepted,Y,T9063794752,Y,Y
95689,,95689,71,THE DEVILS DANCING IN YOUR RADIO MUSIC LTD,SHOT DOWN,883188083,"GEHR, CHARLES MICHAEL",627596117,Identified Authoritative,CA,ASCAP,16.50%,16.50%,7/1/11,Accepted,Y,T9063794456,Y,Y
95689,,95689,71,THE DEVILS DANCING IN YOUR RADIO MUSIC LTD,SHOT DOWN,883188083,"GOKCEN, ARZU JEANETTE",292563053,Identified Non-Authoritative,CA,,0.00%,0.00%,7/1/11,Accepted,Y,T9063794456,Y,N
95689,,95689,71,THE DEVILS DANCING IN YOUR RADIO MUSIC LTD,SHOT DOWN,883188083,"HUNT, CHRISTY L",518358244,Identified Authoritative,CA,ASCAP,17.00%,17.00%,7/1/11,Accepted,Y,T9063794456,Y,Y
95689,,95689,71,THE DEVILS DANCING IN YOUR RADIO MUSIC LTD,SHOT DOWN,883188083,WAIT,450683750,Identified Authoritative,CA,ASCAP,16.50%,16.50%,7/1/11,Accepted,Y,T9063794456,Y,Y
95689,,95689,71,THE DEVILS DANCING IN YOUR RADIO MUSIC LTD,SHOT DOWN,883188083,THE DEVILS DANCING IN YOUR RADIO MUSIC LTD,463577624,Identified Authoritative,E,ASCAP,50.00%,50.00%,7/1/11,Accepted,Y,T9063794456,Y,Y
95689,,95689,71,THE DEVILS DANCING IN YOUR RADIO MUSIC LTD,SPINNING CYCLONE DEATH MACHINE,494203377,"HUNT, CHRISTY L",518358244,Identified Authoritative,CA,ASCAP,50.00%,50.00%,1/16/07,Accepted,Y,T9050374395,Y,Y
95689,,95689,71,THE DEVILS DANCING IN YOUR RADIO MUSIC LTD,SPINNING CYCLONE DEATH MACHINE,494203377,THE DEVILS DANCING IN YOUR RADIO MUSIC LTD,463577624,Identified Authoritative,E,ASCAP,50.00%,50.00%,1/16/07,Accepted,Y,T9050374395,Y,Y
95689,,95689,71,THE DEVILS DANCING IN YOUR RADIO MUSIC LTD,SPIRIT OF THE OX,494203359,"HUNT, CHRISTY L",518358244,Identified Authoritative,CA,ASCAP,50.00%,50.00%,1/16/07,Accepted,Y,T9050467588,Y,Y
95689,,95689,71,THE DEVILS DANCING IN YOUR RADIO MUSIC LTD,SPIRIT OF THE OX,494203359,THE DEVILS DANCING IN YOUR RADIO MUSIC LTD,463577624,Identified Authoritative,E,ASCAP,50.00%,50.00%,1/16/07,Accepted,Y,T9050467588,Y,Y
95689,,95689,71,THE DEVILS DANCING IN YOUR RADIO MUSIC LTD,SUNRISE IN CALIFORNIA,494203395,"HUNT, CHRISTY L",518358244,Identified Authoritative,CA,ASCAP,50.00%,50.00%,1/16/07,Accepted,Y,T9050301047,Y,Y
95689,,95689,71,THE DEVILS DANCING IN YOUR RADIO MUSIC LTD,SUNRISE IN CALIFORNIA,494203395,THE DEVILS DANCING IN YOUR RADIO MUSIC LTD,463577624,Identified Authoritative,E,ASCAP,50.00%,50.00%,1/16/07,Accepted,Y,T9050301047,Y,Y
95689,,95689,71,THE DEVILS DANCING IN YOUR RADIO MUSIC LTD,THE BLACK VEIL,920122086,"GEHR, CHARLES MICHAEL",627596117,Identified Authoritative,CA,ASCAP,50.00%,50.00%,4/24/23,Accepted,N,T3175358819,Y,Y
95689,,95689,71,THE DEVILS DANCING IN YOUR RADIO MUSIC LTD,THE BLACK VEIL,920122086,THE DEVILS DANCING IN YOUR RADIO MUSIC LTD,463577624,Identified Authoritative,E,ASCAP,50.00%,50.00%,4/24/23,Accepted,N,T3175358819,Y,Y
95689,,95689,71,THE DEVILS DANCING IN YOUR RADIO MUSIC LTD,THE DEVIL AND THE WITCH,503582270,"HUNT, CHRISTY L",518358244,Identified Authoritative,CA,ASCAP,50.00%,50.00%,1/16/07,Accepted,Y,T9050298469,Y,Y
95689,,95689,71,THE DEVILS DANCING IN YOUR RADIO MUSIC LTD,THE DEVIL AND THE WITCH,503582270,THE DEVILS DANCING IN YOUR RADIO MUSIC LTD,463577624,Identified Authoritative,E,ASCAP,50.00%,50.00%,1/16/07,Accepted,Y,T9050298469,Y,Y
95689,,95689,71,THE DEVILS DANCING IN YOUR RADIO MUSIC LTD,THE FOURTEENTH,920119294,"GEHR, CHARLES MICHAEL",627596117,Identified Authoritative,C,ASCAP,12.50%,12.50%,4/23/23,Accepted,N,,Y,Y
95689,,95689,71,THE DEVILS DANCING IN YOUR RADIO MUSIC LTD,THE FOURTEENTH,920119294,"SCHMIDT, MICHAEL",x,UnIdentified Non-Authoritative,C,,12.50%,12.50%,4/23/23,Accepted,N,,Y,Y
95689,,95689,71,THE DEVILS DANCING IN YOUR RADIO MUSIC LTD,THE FOURTEENTH,920119294,"LIPPINCOTT, BRYON RICHARD",495748691,Identified Authoritative,CA,ASCAP,12.50%,12.50%,4/23/23,Accepted,N,,Y,Y
95689,,95689,71,THE DEVILS DANCING IN YOUR RADIO MUSIC LTD,THE FOURTEENTH,920119294,"LIPPINCOTT, ERIC",,UnIdentified Non-Authoritative,CA,,12.50%,12.50%,4/23/23,Accepted,N,,Y,Y
95689,,95689,71,THE DEVILS DANCING IN YOUR RADIO MUSIC LTD,THE FOURTEENTH,920119294,THE DEVILS DANCING IN YOUR RADIO MUSIC LTD,463577624,Identified Authoritative,E,ASCAP,50.00%,50.00%,4/23/23,Accepted,N,,Y,Y
95689,,95689,71,THE DEVILS DANCING IN YOUR RADIO MUSIC LTD,THE MOON IS HIGH AND SO AM I,503582252,"HUNT, CHRISTY L",518358244,Identified Authoritative,CA,ASCAP,50.00%,50.00%,1/16/07,Accepted,Y,T9050361905,Y,Y
95689,,95689,71,THE DEVILS DANCING IN YOUR RADIO MUSIC LTD,THE MOON IS HIGH AND SO AM I,503582252,THE DEVILS DANCING IN YOUR RADIO MUSIC LTD,463577624,Identified Authoritative,E,ASCAP,50.00%,50.00%,1/16/07,Accepted,Y,T9050361905,Y,Y
95689,,95689,71,THE DEVILS DANCING IN YOUR RADIO MUSIC LTD,TIN CAN TELEPHONE,920119295,"GEHR, CHARLES MICHAEL",627596117,Identified Authoritative,C,ASCAP,12.50%,12.50%,4/23/23,Accepted,N,,Y,Y
95689,,95689,71,THE DEVILS DANCING IN YOUR RADIO MUSIC LTD,TIN CAN TELEPHONE,920119295,"SCHMIDT, MICHAEL",x,UnIdentified Non-Authoritative,C,,12.50%,12.50%,4/23/23,Accepted,N,,Y,Y
95689,,95689,71,THE DEVILS DANCING IN YOUR RADIO MUSIC LTD,TIN CAN TELEPHONE,920119295,"LIPPINCOTT, BRYON RICHARD",495748691,Identified Authoritative,CA,ASCAP,12.50%,12.50%,4/23/23,Accepted,N,,Y,Y
95689,,95689,71,THE DEVILS DANCING IN YOUR RADIO MUSIC LTD,TIN CAN TELEPHONE,920119295,"LIPPINCOTT, ERIC",,UnIdentified Non-Authoritative,CA,,12.50%,12.50%,4/23/23,Accepted,N,,Y,Y
95689,,95689,71,THE DEVILS DANCING IN YOUR RADIO MUSIC LTD,TIN CAN TELEPHONE,920119295,THE DEVILS DANCING IN YOUR RADIO MUSIC LTD,463577624,Identified Authoritative,E,ASCAP,50.00%,50.00%,4/23/23,Accepted,N,,Y,Y
95689,,95689,71,THE DEVILS DANCING IN YOUR RADIO MUSIC LTD,TODAY IS OUR LAST TOMORROW,503582298,"HUNT, CHRISTY L",518358244,Identified Authoritative,CA,ASCAP,50.00%,50.00%,1/16/07,Accepted,Y,T9050336191,Y,Y
95689,,95689,71,THE DEVILS DANCING IN YOUR RADIO MUSIC LTD,TODAY IS OUR LAST TOMORROW,503582298,THE DEVILS DANCING IN YOUR RADIO MUSIC LTD,463577624,Identified Authoritative,E,ASCAP,50.00%,50.00%,1/16/07,Accepted,Y,T9050336191,Y,Y
95689,,95689,71,THE DEVILS DANCING IN YOUR RADIO MUSIC LTD,UNIDENTITY,510310497,"HUNT, CHRISTY L",518358244,Identified Authoritative,CA,ASCAP,50.00%,50.00%,2/9/05,Accepted,Y,T9050300737,Y,Y
95689,,95689,71,THE DEVILS DANCING IN YOUR RADIO MUSIC LTD,UNIDENTITY,510310497,THE DEVILS DANCING IN YOUR RADIO MUSIC LTD,463577624,Identified Authoritative,E,ASCAP,50.00%,50.00%,2/9/05,Accepted,Y,T9050300737,Y,Y
95689,,95689,71,THE DEVILS DANCING IN YOUR RADIO MUSIC LTD,WASHED-OUT AMERICA,532020232,"HUNT, CHRISTY L",518358244,Identified Authoritative,CA,ASCAP,50.00%,50.00%,1/16/07,Accepted,Y,T9050296690,Y,Y
95689,,95689,71,THE DEVILS DANCING IN YOUR RADIO MUSIC LTD,WASHED-OUT AMERICA,532020232,THE DEVILS DANCING IN YOUR RADIO MUSIC LTD,463577624,Identified Authoritative,E,ASCAP,50.00%,50.00%,1/16/07,Accepted,Y,T9050296690,Y,Y
95689,,95689,71,THE DEVILS DANCING IN YOUR RADIO MUSIC LTD,WE'RE AT AN IMPASSE,920118011,"GEHR, CHARLES MICHAEL",627596117,Identified Authoritative,C,ASCAP,12.50%,12.50%,4/23/23,Accepted,N,,Y,Y
95689,,95689,71,THE DEVILS DANCING IN YOUR RADIO MUSIC LTD,WE'RE AT AN IMPASSE,920118011,"LIPPINCOTT, ERIC",,UnIdentified Non-Authoritative,C,,12.50%,12.50%,4/23/23,Accepted,N,,Y,Y
95689,,95689,71,THE DEVILS DANCING IN YOUR RADIO MUSIC LTD,WE'RE AT AN IMPASSE,920118011,"SCHMIDT, MICHAEL",x,UnIdentified Non-Authoritative,C,,12.50%,12.50%,4/23/23,Accepted,N,,Y,Y
95689,,95689,71,THE DEVILS DANCING IN YOUR RADIO MUSIC LTD,WE'RE AT AN IMPASSE,920118011,"LIPPINCOTT, BRYON",x,UnIdentified Non-Authoritative,CA,,12.50%,12.50%,4/23/23,Accepted,N,,Y,Y
95689,,95689,71,THE DEVILS DANCING IN YOUR RADIO MUSIC LTD,WE'RE AT AN IMPASSE,920118011,THE DEVILS DANCING IN YOUR RADIO MUSIC LTD,463577624,Identified Authoritative,E,ASCAP,50.00%,50.00%,4/23/23,Accepted,N,,Y,Y
95689,,95689,71,THE DEVILS DANCING IN YOUR RADIO MUSIC LTD,WEREWOLF ISLAND,883188082,"GEHR, CHARLES MICHAEL",627596117,Identified Authoritative,CA,ASCAP,16.50%,16.50%,7/1/11,Accepted,Y,T9063786914,Y,Y
95689,,95689,71,THE DEVILS DANCING IN YOUR RADIO MUSIC LTD,WEREWOLF ISLAND,883188082,"GOKCEN, ARZU JEANETTE",292563053,Identified Non-Authoritative,CA,,0.00%,0.00%,7/1/11,Accepted,Y,T9063786914,Y,N
95689,,95689,71,THE DEVILS DANCING IN YOUR RADIO MUSIC LTD,WEREWOLF ISLAND,883188082,"HUNT, CHRISTY L",518358244,Identified Authoritative,CA,ASCAP,17.00%,17.00%,7/1/11,Accepted,Y,T9063786914,Y,Y
95689,,95689,71,THE DEVILS DANCING IN YOUR RADIO MUSIC LTD,WEREWOLF ISLAND,883188082,WAIT,450683750,Identified Authoritative,CA,ASCAP,16.50%,16.50%,7/1/11,Accepted,Y,T9063786914,Y,Y
95689,,95689,71,THE DEVILS DANCING IN YOUR RADIO MUSIC LTD,WEREWOLF ISLAND,883188082,THE DEVILS DANCING IN YOUR RADIO MUSIC LTD,463577624,Identified Authoritative,E,ASCAP,50.00%,50.00%,7/1/11,Accepted,Y,T9063786914,Y,Y
95689,,95689,71,THE DEVILS DANCING IN YOUR RADIO MUSIC LTD,WHISKEY LOVE,531288590,"HUNT, CHRISTY L",518358244,Identified Authoritative,CA,ASCAP,50.00%,50.00%,2/9/05,Accepted,Y,T9050499519,Y,Y
95689,,95689,71,THE DEVILS DANCING IN YOUR RADIO MUSIC LTD,WHISKEY LOVE,531288590,THE DEVILS DANCING IN YOUR RADIO MUSIC LTD,463577624,Identified Authoritative,E,ASCAP,50.00%,50.00%,2/9/05,Accepted,Y,T9050499519,Y,Y
95689,,95689,71,THE DEVILS DANCING IN YOUR RADIO MUSIC LTD,WHITE GIRL PROBLEMS,920083503,"GEHR, CHARLES MICHAEL",627596117,Identified Authoritative,C,ASCAP,12.50%,12.50%,4/18/23,Accepted,N,T3174552655,Y,Y
95689,,95689,71,THE DEVILS DANCING IN YOUR RADIO MUSIC LTD,WHITE GIRL PROBLEMS,920083503,"LYNCH, ANGIE",1192536545,Identified Authoritative,C,ASCAP,12.50%,12.50%,4/18/23,Accepted,N,T3174552655,Y,Y
95689,,95689,71,THE DEVILS DANCING IN YOUR RADIO MUSIC LTD,WHITE GIRL PROBLEMS,920083503,"WONG, MONET RACHEL",1157464444,Identified Authoritative,C,BMI,12.50%,12.50%,4/18/23,Accepted,N,T3174552655,Y,N
95689,,95689,71,THE DEVILS DANCING IN YOUR RADIO MUSIC LTD,WHITE GIRL PROBLEMS,920083503,"MCKINNEY, VANESSA",1028329277,Identified Authoritative,CA,SOCAN,12.50%,12.50%,4/18/23,Accepted,N,T3174552655,Y,Y
95689,,95689,71,THE DEVILS DANCING IN YOUR RADIO MUSIC LTD,WHITE GIRL PROBLEMS,920083503,PUBLISHER UNKNOWN,x,UnIdentified Non-Authoritative,E,,25.00%,25.00%,4/18/23,Accepted,N,T3174552655,Y,N
95689,,95689,71,THE DEVILS DANCING IN YOUR RADIO MUSIC LTD,WHITE GIRL PROBLEMS,920083503,THE DEVILS DANCING IN YOUR RADIO MUSIC LTD,463577624,Identified Authoritative,E,ASCAP,25.00%,25.00%,4/18/23,Accepted,N,T3174552655,Y,Y